id,name,address,phone,city_id,is_active
1,"Barris Sabbatier","53805 Jay Circle",329-873-2509,1,0
2,"Eddie Ceney","9123 Scott Crossing",377-620-5253,2,0
3,"Eziechiele Hugland","9 Grim Parkway",780-685-9920,3,0
4,"Sheffield Ewence","222 Northland Way",318-255-5097,4,0
5,"Clair Gauvin","097 High Crossing Alley",462-400-1060,5,0
6,"Opal Gres","1 Sauthoff Lane",286-604-7347,6,0
7,"Danell Carriage","45 Crescent Oaks Hill",966-756-7062,7,0
8,"Bing Enderwick","08 6th Lane",502-501-4706,8,1
9,"Grissel Iacobucci","13800 Manufacturers Avenue",501-801-8267,9,0
10,"Pam Yter","96563 Prentice Park",517-455-5281,0,0
11,"Elihu Howship","640 Hagan Point",711-664-8830,1,0
12,"Nickie Peris","3189 Lakewood Lane",717-338-4330,2,1
13,"Ruth Silvers","8 Kings Parkway",794-690-9657,3,1
14,"Rosmunda Tilston","72 Schiller Crossing",422-180-2806,4,0
15,"Mandie Cawthorne","26 Thackeray Terrace",276-136-9188,5,0
16,"Cozmo Geroldi","61098 Elgar Plaza",208-863-0192,6,0
17,"Jeanie Pleager","620 Randy Point",551-839-0722,7,0
18,"Edee Kerslake","2675 Fair Oaks Trail",765-122-4960,8,1
19,"Loren Bufton","48 Crowley Plaza",346-831-5320,9,0
20,"Tawsha Linck","5 Mendota Drive",503-686-1105,0,0
21,"Marchall Garroway","89248 Logan Place",582-825-9707,1,1
22,"Timothea Durward","12694 Ramsey Road",594-749-2949,2,0
23,"Angelia Malby","2 Bay Alley",184-305-9869,3,0
24,"Myca Fanti","2 Bashford Plaza",473-489-5474,4,0
25,"Sancho Birchner","5518 Utah Trail",470-892-1679,5,1
26,"Humfrey Whitmore","7782 Swallow Plaza",363-896-7855,6,0
27,"Conchita Hilling","195 Schurz Hill",137-723-0884,7,1
28,"Arman Rillatt","11897 Charing Cross Drive",401-842-0304,8,0
29,"Ludovika Kimmerling","80 Corscot Street",278-770-0909,9,1
30,"Jen Dight","09 Artisan Road",937-982-7476,0,1
31,"Boothe Fehner","390 Gina Center",747-563-9124,1,1
32,"Denny Pennings","7414 Fordem Court",949-308-8376,2,1
33,"Rheba McJarrow","8597 Florence Point",861-720-3866,3,1
34,"Sully Estick","16 Bluestem Court",254-830-4145,4,1
35,"Stafford Blade","47 Hooker Lane",347-813-9337,5,1
36,"Bliss Taggert","26500 Lindbergh Park",927-695-6172,6,1
37,"Julian Davson","32 Texas Terrace",808-908-5592,7,1
38,"Junina Hempel","6 Canary Way",513-540-8532,8,0
39,"Hansiain Hearse","25639 West Road",923-575-1534,9,1
40,"Lorianne Writer","8 Bunting Center",402-299-9772,0,1
41,"Hunfredo Ennever","0 Thackeray Hill",746-510-0408,1,1
42,"El Hlavecek","07 Corry Plaza",566-862-2496,2,1
43,"Kittie Sokill","5 Lillian Center",274-139-5961,3,0
44,"Nari Tregian","93305 Gateway Place",861-160-9816,4,0
45,"Wyndham Armour","13 Grim Street",109-272-2819,5,0
46,"Mayne Dureden","234 Longview Junction",447-838-3597,6,0
47,"Aubrie Bushnell","1 Porter Lane",296-537-9718,7,0
48,"Quincey Winfield","1758 Westerfield Circle",835-462-7786,8,0
49,"Morley Kerrey","24 Brickson Park Way",218-857-3572,9,1
50,"Quintana Keysall","94 Schiller Street",846-258-2499,0,1
51,"Tremain Slateford","7947 Jenifer Road",337-836-3286,1,1
52,"Truman Corps","8268 Park Meadow Plaza",536-568-8953,2,1
53,"Enrika Wilber","317 Summerview Place",340-354-1402,3,1
54,"Ches Barukh","973 Bayside Street",597-243-7657,4,1
55,"Bart Kiddye","108 Mifflin Hill",894-399-8793,5,1
56,"Sherlocke Dibson","649 Mockingbird Way",232-110-1899,6,1
57,"Sapphira Funnell","124 Butternut Circle",785-308-4747,7,1
58,"Harcourt Tuohy","0 Moulton Junction",901-962-0045,8,1
59,"Andeee Huelin","794 North Drive",786-669-5228,9,0
60,"Reinold Cheel","166 Marcy Avenue",323-961-6314,0,1
61,"Tessi Ripley","5 Schurz Street",727-599-3770,1,1
62,"Lalo Elsey","23584 Corben Street",472-588-7368,2,1
63,"Phylis Bussen","66328 Marcy Way",892-153-5715,3,1
64,"Simeon Frake","03582 Sage Trail",929-398-7799,4,0
65,"Elinor Pech","390 Lunder Avenue",806-650-0498,5,0
66,"Nat Martschik","3097 Bellgrove Avenue",304-927-9119,6,0
67,"Elfrida Smurfit","304 8th Circle",153-693-3019,7,0
68,"Maighdiln Symmons","2845 Oakridge Road",743-389-6988,8,1
69,"Jaymie Greyes","9474 Crownhardt Street",461-477-1220,9,1
70,"Albertine Striker","26 Haas Avenue",812-553-0660,0,0
71,"Klara Pammenter","6 Kedzie Point",303-436-4985,1,0
72,"Gabbie Jiggen","5 Killdeer Park",766-801-7000,2,1
73,"Finley Panas","94271 Garrison Circle",138-436-4381,3,0
74,"Daniella Faircliffe","82426 Lerdahl Crossing",784-106-3439,4,0
75,"Zola Grane","273 Bluestem Point",201-288-3807,5,1
76,"Waylon Kemell","14 Sachtjen Road",434-656-7986,6,1
77,"Helen-elizabeth Skune","112 Anzinger Lane",403-603-9651,7,1
78,"Gracia Stanfield","785 Bellgrove Place",942-507-1347,8,1
79,"Myra Rimes","278 Meadow Ridge Plaza",775-817-3609,9,0
80,"Hubert Boorer","96 Warner Court",671-640-6175,0,0
81,"Jamesy Coldbathe","9564 Autumn Leaf Drive",779-765-2146,1,0
82,"Timothee Polleye","779 Towne Hill",356-385-3151,2,0
83,"Larisa Janousek","0 Corscot Drive",192-229-6041,3,1
84,"Ericka Croce","7 Red Cloud Crossing",178-175-6277,4,0
85,"Hillard Joskowitz","47 6th Terrace",347-139-6050,5,0
86,"Alon Polamontayne","7178 Fremont Junction",495-741-9479,6,0
87,"Jesse Schleicher","0537 Graceland Plaza",788-820-3258,7,1
88,"Mady Bogays","31046 Carioca Alley",373-946-0846,8,1
89,"Sue Boulden","0 Memorial Point",954-433-6783,9,0
90,"Christopher Wrettum","42979 Sloan Park",580-286-9104,0,1
91,"Carolynn Habeshaw","3 North Avenue",425-591-5081,1,1
92,"Desiree Danskine","31587 Columbus Park",516-175-0791,2,0
93,"Hobard Dougharty","1 Debs Terrace",962-434-5212,3,0
94,"Stacie Tripet","15 Linden Trail",997-967-5781,4,0
95,"Joelle Stoyles","002 Graedel Avenue",923-716-9312,5,1
96,"Rosco Prevost","78661 Gateway Plaza",187-791-7974,6,0
97,"Jordana Yarmouth","86 Dottie Court",701-438-1514,7,1
98,"Candy Stanfield","848 Aberg Road",817-733-3027,8,1
99,"Erika Demschke","8 Mccormick Drive",268-925-1111,9,0
100,"Jobyna Feldon","48 Crest Line Parkway",406-750-9849,0,1
101,"Ellerey Benton","76 Spohn Alley",735-634-6038,1,1
102,"Winifred Mangam","47445 Prairieview Point",221-384-0385,2,1
103,"Delano Cowton","75 Trailsway Road",479-613-5883,3,0
104,"Allissa Ixer","2 Pawling Plaza",173-596-2416,4,0
105,"Rancell Fedder","36 Transport Park",676-271-6895,5,0
106,"Alameda Carous","021 Bluestem Center",853-394-1509,6,1
107,"Zacharias Brennenstuhl","975 Katie Alley",128-824-3316,7,1
108,"Ranice Hardesty","67789 Hudson Alley",838-143-0291,8,1
109,"Lydon Pawlaczyk","38 Corben Trail",287-396-6404,9,1
110,"Allissa McAlpine","596 Shoshone Way",992-896-0083,0,0
111,"Arlyn Baddeley","18077 Meadow Ridge Street",695-995-5454,1,0
112,"Richie Pattle","0147 Bay Point",284-374-1906,2,0
113,"Norbie Gainsburgh","4646 Mitchell Court",240-653-5683,3,1
114,"Yardley Tunno","90 Iowa Avenue",510-228-4032,4,0
115,"Nyssa Frankiewicz","273 Larry Road",583-751-0008,5,0
116,"Natala McBratney","317 Fallview Parkway",110-526-9043,6,1
117,"Kerrill Cleave","7 Merry Point",125-864-7916,7,0
118,"Orville Somersett","51 Glacier Hill Terrace",122-971-2747,8,1
119,"Ada Bandiera","781 Prairieview Crossing",259-727-0264,9,0
120,"Laureen Hemphrey","99 Sheridan Trail",302-466-8528,0,1
121,"Carmon Pickthall","674 Annamark Way",254-178-4549,1,1
122,"Horatio Soule","40696 Darwin Court",621-714-4976,2,0
123,"Rivi Sowden","6 Londonderry Court",624-350-2487,3,1
124,"Cristionna Pallent","78 Hagan Court",452-199-0888,4,1
125,"Cornall Haxby","6 Hudson Alley",373-449-7647,5,1
126,"Gray Mibourne","5 Glacier Hill Court",747-668-3259,6,0
127,"Cindie Hassewell","88531 Old Gate Alley",775-154-8043,7,1
128,"Rurik Gourlie","25029 Golf Course Court",108-419-8290,8,1
129,"Elise Corthes","9770 4th Point",425-301-1110,9,0
130,"Christalle Jaggers","390 Artisan Avenue",569-943-1532,0,0
131,"Roth Sives","41249 Ryan Drive",547-875-0202,1,1
132,"Susanetta Macvain","13563 Kensington Avenue",237-478-1340,2,0
133,"Denys Muncaster","52 Glacier Hill Court",547-254-5995,3,1
134,"Ranique Tollerfield","4904 Upham Plaza",355-849-2885,4,0
135,"Ken Greetland","7830 Hazelcrest Street",424-731-2931,5,1
136,"Eddy Ayliff","9461 Buhler Point",971-589-7597,6,0
137,"Claudelle Roskams","29 Southridge Court",583-645-9684,7,0
138,"Hashim Sima","789 Steensland Hill",766-193-3783,8,1
139,"Sandy Warrior","1859 Thackeray Point",546-798-4607,9,1
140,"Isabel Piddlesden","66 Sutherland Park",325-978-6643,0,1
141,"Rona Middlemass","704 Mayfield Hill",541-348-3798,1,1
142,"Katrinka Demead","169 Schurz Circle",272-971-9019,2,0
143,"Elonore St. Aubyn","69290 Continental Parkway",340-434-2617,3,0
144,"Willabella Winpenny","56126 Union Point",377-238-0406,4,0
145,"Nikolos Gulland","58041 Ohio Terrace",551-983-6836,5,1
146,"Emilia Rozsa","15 Cherokee Parkway",536-994-1806,6,0
147,"Reggi Myton","68639 Independence Alley",566-550-3731,7,1
148,"Katine Krelle","57771 Bowman Street",289-678-7823,8,1
149,"Teresa Dies","0 Packers Alley",510-536-7407,9,1
150,"Sven Hanwell","30718 Havey Way",382-283-1781,0,1
151,"Ronni Tuminelli","69746 Oak Avenue",468-231-9971,1,0
152,"Colline Creese","163 Fairview Street",668-155-4184,2,0
153,"Isiahi Royste","4683 Pond Street",780-417-2660,3,0
154,"Dionne MacElroy","8621 Armistice Drive",370-105-1784,4,0
155,"Emily Hearon","935 Ryan Place",931-488-3829,5,1
156,"Andros Cogin","7567 Sachtjen Park",295-176-6039,6,0
157,"Tara Schroter","57859 Dapin Street",302-201-2994,7,0
158,"Lindsay Reddy","47520 Arizona Terrace",675-156-6562,8,0
159,"Phaedra Whisson","28487 Hallows Junction",608-511-6050,9,0
160,"Sonya Rabjohn","91861 6th Place",405-343-2410,0,1
161,"Markos Giddy","0 Dennis Street",914-416-3653,1,1
162,"Armstrong Baskett","16078 Brentwood Point",479-543-0381,2,0
163,"Traver Andreini","93 Maryland Crossing",560-461-5812,3,1
164,"Creigh Truin","97 Sachtjen Plaza",620-577-9858,4,0
165,"Wrennie Arnely","787 Kedzie Drive",699-508-9623,5,1
166,"Ashia Clawe","345 Lotheville Parkway",615-507-5799,6,0
167,"Allistir Aspinall","84 Reinke Place",103-984-0886,7,0
168,"Augustin Sudlow","19 Trailsway Pass",401-384-4991,8,1
169,"Delores Dubbin","082 Caliangt Crossing",244-756-9210,9,0
170,"Carmita Josefer","72 Shasta Street",789-810-8020,0,1
171,"Cherey Bogaert","5 Annamark Center",477-376-9667,1,0
172,"Donny Ramberg","29 Northwestern Lane",895-607-7161,2,0
173,"Joaquin Brager","13487 Buena Vista Trail",639-858-3369,3,1
174,"Godart Pressey","38414 Arapahoe Plaza",878-407-5282,4,0
175,"Dolores Bartolomeoni","0006 Prentice Parkway",469-150-7982,5,1
176,"Bren Goodrich","7 Cardinal Road",399-212-7906,6,0
177,"Neville Layzell","256 Lerdahl Lane",519-293-6973,7,1
178,"Felic Gerard","6 Carey Avenue",664-671-5770,8,1
179,"Jonathan Cheak","57382 Florence Crossing",333-806-2462,9,0
180,"Marlena Trenear","5 Roxbury Terrace",335-420-4354,0,0
181,"Bobbee Milburne","8808 Red Cloud Plaza",667-613-0231,1,1
182,"Kippar Antonignetti","5453 Stone Corner Lane",308-688-6701,2,1
183,"Rosanna Peers","5 Jay Lane",355-527-6096,3,0
184,"Flint Deville","9864 Upham Road",653-209-9121,4,0
185,"Stanwood Szymczyk","430 Sherman Drive",316-889-4664,5,0
186,"Vassily Rowbottom","0421 Everett Court",547-904-2008,6,0
187,"Weider Truesdale","7102 Manitowish Way",815-171-8917,7,0
188,"Libby Channer","2 Golf Course Circle",574-225-3026,8,1
189,"Sileas Rous","8692 Hoard Alley",585-205-1989,9,0
190,"Fax Eldritt","23420 Lake View Terrace",509-712-6940,0,0
191,"Murial Omrod","4977 Melvin Street",110-474-4210,1,0
192,"Kathi Sturzaker","747 Arrowood Hill",301-381-4156,2,0
193,"Gifford Gueny","621 Mcguire Hill",603-877-4810,3,1
194,"Cindi Glaum","666 High Crossing Way",713-802-2056,4,1
195,"Penrod Perkinson","7135 Mcbride Alley",952-867-4874,5,1
196,"Demetria Kuhnel","66 Scofield Drive",905-146-4302,6,0
197,"Shea Grimestone","0 Spaight Park",329-639-0436,7,1
198,"Dan Blackbrough","11 Pine View Junction",456-250-2205,8,1
199,"Benjamen Flagg","829 Charing Cross Center",973-924-9689,9,1
200,"Dorothea Yegorshin","12380 Toban Court",176-266-3226,0,0
201,"Betteanne Shipcott","761 Center Way",922-366-5083,1,0
202,"Lemuel Renfrew","40793 Pierstorff Center",211-999-3469,2,0
203,"Hyacintha Bezarra","3969 Basil Way",424-877-6865,3,0
204,"Giustino Cisland","7852 Pawling Avenue",562-759-0069,4,0
205,"Sauveur Delea","46 Stone Corner Hill",546-301-9700,5,1
206,"June Threadgold","1991 Village Circle",309-327-9569,6,0
207,"Melessa Leglise","93 Hansons Drive",854-565-1720,7,0
208,"Farica Berkelay","07 Crescent Oaks Circle",497-239-6063,8,0
209,"Sal Triswell","7256 Sherman Terrace",500-825-2693,9,1
210,"Raynell Boughey","419 Heffernan Way",666-992-3001,0,0
211,"Em Neve","199 Blackbird Park",808-401-2372,1,1
212,"Kacie Bussons","2011 Macpherson Terrace",743-999-9666,2,1
213,"Celestine Dykas","880 Emmet Plaza",539-389-7629,3,1
214,"Christalle Roe","4283 Buell Point",468-709-6026,4,0
215,"Lane Graalmans","29267 Porter Park",471-761-0090,5,1
216,"Hilario Klement","25103 Green Junction",910-968-9182,6,1
217,"Jocelyne Coplestone","9667 Chive Court",293-340-4076,7,0
218,"Melonie Blofeld","010 Coolidge Junction",582-193-0755,8,0
219,"Yelena Bromhead","5400 Lukken Place",626-679-3880,9,1
220,"Lucila Stollenhof","3 Alpine Alley",919-225-0372,0,1
221,"Loutitia Muddle","779 Bobwhite Junction",859-123-7777,1,1
222,"Jerad Lawey","28409 Hooker Drive",139-986-5780,2,0
223,"Ida Harefoot","3560 Ridge Oak Place",972-433-1892,3,1
224,"Tomasina Klassmann","6245 Harbort Point",915-529-7988,4,0
225,"Violet McErlaine","22694 1st Plaza",786-730-4085,5,1
226,"Clarisse Escalante","0595 Crest Line Avenue",982-617-6390,6,1
227,"Ameline Bosche","307 Eggendart Place",501-991-5885,7,0
228,"Fanchette Copcote","76358 Talisman Street",252-477-7422,8,0
229,"Eleen Horsley","81 Cambridge Lane",861-471-3399,9,1
230,"Keefe Klemensiewicz","14 Graedel Street",610-290-0179,0,0
231,"Star Atcherley","98 High Crossing Center",196-461-0506,1,0
232,"Jody Jedras","33 Nobel Terrace",979-322-7095,2,1
233,"Suzie Huke","145 Banding Hill",401-824-5027,3,0
234,"Elysha Swarbrigg","17561 Stephen Road",127-805-0623,4,1
235,"Liz Dewhirst","50526 Forster Park",880-281-0656,5,1
236,"Ryun Itzik","14 Buell Circle",417-374-0623,6,1
237,"Allin Altimas","4209 Cambridge Plaza",708-660-0271,7,1
238,"Cynthie Shurmer","207 Farragut Pass",683-798-5764,8,0
239,"Nola Labbe","74450 Darwin Trail",574-482-6637,9,0
240,"Elias Gianni","73 Butternut Plaza",862-569-2254,0,0
241,"Netta Muzzini","0237 Brown Drive",519-362-4347,1,1
242,"Brennen Lothlorien","59225 Luster Hill",598-627-9822,2,0
243,"Seana Olver","1088 Glendale Trail",571-453-0166,3,1
244,"Darcy Dunniom","22233 Northview Park",399-825-2742,4,1
245,"Shina Carslake","5 Bartelt Circle",383-314-4449,5,1
246,"Calhoun Badini","87 Bartillon Pass",796-355-0692,6,1
247,"Emyle Meatyard","314 Hudson Lane",959-866-6499,7,0
248,"Dolly Maharey","01 Rowland Point",869-326-9300,8,1
249,"Jarvis Sullly","445 Kensington Drive",146-389-6941,9,1
250,"Edna Raycroft","4536 Ramsey Parkway",386-150-9248,0,0
251,"Clem Pelerin","570 Clarendon Lane",118-595-0568,1,0
252,"Rowe Jacobssen","16 Clyde Gallagher Alley",773-572-3258,2,1
253,"Tally Bleasby","57272 Forster Avenue",810-800-2133,3,1
254,"Irwinn Dupree","78 Evergreen Park",967-380-0978,4,0
255,"Zsazsa Prandi","95 Moulton Center",632-120-3495,5,1
256,"Davide Beament","94300 Northland Alley",730-869-2994,6,0
257,"Randell Woolerton","62772 Basil Crossing",868-377-5856,7,1
258,"Monroe Seeviour","5 Summer Ridge Circle",759-388-6189,8,0
259,"Rosetta Large","55877 Corscot Place",595-344-3931,9,1
260,"Liana Gormally","2 Arizona Point",282-767-7877,0,0
261,"Leigha Slateford","44 Lake View Place",201-503-4490,1,0
262,"Tabatha Prodrick","40586 Calypso Point",949-736-4080,2,1
263,"Madelle Rozenzweig","254 Schmedeman Hill",693-576-1614,3,1
264,"Dud Kardos","2044 Eggendart Point",191-732-9991,4,1
265,"Killy Esby","2 Brentwood Pass",355-617-2531,5,0
266,"Ariana Virgin","3185 Fisk Drive",143-320-8183,6,1
267,"Asher Epple","3 Kings Pass",649-977-3024,7,1
268,"Bella Blase","35 Roth Junction",864-875-2118,8,1
269,"Estella Timoney","1206 Anthes Trail",930-590-5006,9,0
270,"Ursala Frowing","6101 Brentwood Hill",910-118-1810,0,1
271,"Hana Catcheside","6783 Caliangt Avenue",931-683-8700,1,1
272,"Nonna Maddin","167 Loftsgordon Alley",818-854-1777,2,1
273,"Nelli St. Pierre","9823 Mosinee Trail",445-403-8930,3,1
274,"Cymbre Pina","136 Bunker Hill Road",594-416-6118,4,1
275,"Che Sprigging","320 Corben Terrace",445-836-6603,5,0
276,"Evy Minchell","7670 Dexter Circle",562-930-8952,6,1
277,"Camille Laroux","1952 Buena Vista Hill",691-461-2367,7,0
278,"Nathalia Prescote","7479 Crest Line Circle",412-273-6862,8,1
279,"Alessandro Weymouth","23 Hudson Junction",230-971-9325,9,0
280,"Lucilia Dyerson","4665 Division Parkway",800-351-1884,0,0
281,"Rodd Goor","060 International Road",941-822-4633,1,1
282,"Susy Yurasov","1487 Arrowood Alley",506-454-7996,2,0
283,"Dodie Hugenin","758 Dorton Plaza",932-582-9154,3,0
284,"Darbee Till","0960 Farmco Road",282-569-3764,4,1
285,"Odie Trayte","3 Maple Wood Terrace",831-306-1360,5,1
286,"Tulley Frazier","12 Miller Junction",346-674-0081,6,0
287,"Matt Carmo","28 Pennsylvania Way",629-784-1123,7,0
288,"Freddi Gasker","72324 Eastwood Terrace",589-765-1927,8,1
289,"Con Bonaire","2 Dottie Circle",499-825-4844,9,1
290,"Ryley Shimwell","47 Birchwood Way",562-261-8115,0,1
291,"Cyril Nutkin","1697 Merry Road",137-567-3084,1,0
292,"Benjie Nickolls","4186 Green Trail",520-477-3803,2,1
293,"Stanly MacDunleavy","12 Shoshone Avenue",230-441-0529,3,0
294,"Fin O'Corrane","05230 Eliot Point",116-955-2404,4,1
295,"Son Poltone","3243 Jay Crossing",740-817-9840,5,1
296,"Judith Champney","5088 Pepper Wood Plaza",457-795-9274,6,0
297,"Paula Piddlesden","98 Fremont Plaza",700-877-9959,7,0
298,"Margaretha Chatelain","98 Little Fleur Hill",559-563-5628,8,1
299,"Damian Ridgway","9728 Cascade Court",885-595-7313,9,0
300,"Thorvald Oldcote","1 Hansons Avenue",596-685-3295,0,0
301,"Richard Loud","41 Vernon Circle",956-769-3199,1,0
302,"Nerte Columbine","5 Stone Corner Trail",730-653-4112,2,1
303,"Ruth Vearncomb","9 Kenwood Place",341-395-4900,3,1
304,"Jeremie Jillitt","3 Loomis Trail",406-835-9259,4,0
305,"Maritsa D'Angeli","33925 Burning Wood Point",657-457-1944,5,1
306,"Garey Vaggs","83 Chinook Circle",743-394-7139,6,0
307,"Winny Akrigg","9 Little Fleur Junction",911-198-5060,7,0
308,"Washington Buddleigh","45624 Division Drive",674-452-9119,8,1
309,"Gaynor Cawthorne","37532 Rieder Hill",488-893-2579,9,0
310,"Lonee Brampton","44 Dunning Lane",266-922-9473,0,1
311,"Cyrillus Wordsworth","20 Bartelt Point",354-601-9137,1,0
312,"Marcus Hick","55 Sommers Place",523-417-8698,2,1
313,"Matthew Swatman","331 Bluestem Point",972-549-3207,3,1
314,"Tremain McKechnie","3443 Goodland Court",935-707-4968,4,0
315,"Sidonnie Yeats","3622 Ilene Circle",740-110-7490,5,0
316,"Carmelia Cescotti","08683 Paget Street",585-560-9603,6,1
317,"Tripp Vivyan","3 Delaware Alley",653-231-9591,7,1
318,"Morgen Dalzell","48860 Oak Valley Terrace",608-964-5430,8,0
319,"Nicolea Hanster","24 Declaration Alley",958-887-0562,9,1
320,"Harrietta Menhci","48463 Montana Avenue",808-573-9853,0,1
321,"Lita Guillet","7850 Dayton Junction",791-971-2967,1,1
322,"Whitney Spry","8302 Maryland Hill",315-210-8423,2,0
323,"Maryanne Folshom","7 Hansons Alley",198-200-8327,3,0
324,"Lida Walder","4 Huxley Road",796-663-6232,4,0
325,"Duke Beslier","8 Esch Court",103-529-8373,5,0
326,"Noel Buxcy","086 Express Terrace",922-993-5082,6,0
327,"Alane Ibert","62150 Holmberg Drive",647-782-0866,7,0
328,"Venita Crace","539 Oak Valley Crossing",533-809-0495,8,0
329,"Callie Inston","8936 Farwell Place",933-631-5100,9,1
330,"Kaycee Rawlin","1 Steensland Road",231-229-8883,0,0
331,"Bren Olivier","08014 John Wall Point",263-643-6131,1,1
332,"Marcellina Sanchiz","36 Nova Crossing",381-989-1599,2,0
333,"Carmelia Plumptre","97398 Spaight Way",410-704-1324,3,0
334,"Nicola Craske","875 Pierstorff Point",276-874-2629,4,1
335,"Beverie Shilstone","1930 Schiller Hill",465-997-0015,5,1
336,"Ewan Pendlebury","354 Loftsgordon Pass",150-437-1344,6,0
337,"Lurline Plaid","094 Coleman Court",124-771-1795,7,1
338,"Celestina Aleevy","22 Darwin Plaza",740-747-2648,8,1
339,"Hadlee Ehrat","1238 Utah Trail",211-172-0307,9,1
340,"Fanechka O'Toole","9 Carpenter Court",713-964-4306,0,1
341,"Marisa Bourke","6130 Randy Avenue",799-230-8309,1,0
342,"Marlow Devey","6428 Bashford Hill",727-104-3465,2,0
343,"Symon Gimlet","85 Marcy Circle",338-790-9245,3,1
344,"Berny Checcucci","940 La Follette Terrace",695-182-1226,4,0
345,"Ly Donan","686 Comanche Alley",738-790-2489,5,0
346,"Verne Mammatt","43557 Clemons Avenue",697-420-8859,6,0
347,"Bebe Domingues","7746 Nevada Hill",767-519-2707,7,1
348,"Bud Errington","284 Superior Lane",506-543-0935,8,1
349,"Ward Kemish","90 Morrow Terrace",866-605-5209,9,0
350,"Henrik Joliffe","84053 Bartillon Park",442-303-9525,0,1
351,"Cathleen Swallwell","475 American Ash Street",562-475-3369,1,1
352,"Lorilee Godar","7475 Kim Street",603-106-9539,2,0
353,"Selby Lackie","6 Linden Way",999-278-4845,3,0
354,"Ravi Comino","97 Ronald Regan Alley",539-714-6527,4,0
355,"Shep Cossentine","071 Eastwood Hill",813-178-6704,5,0
356,"Melinde Burdytt","737 Briar Crest Road",222-833-1827,6,0
357,"Franciska Peplaw","79207 Roxbury Place",306-742-4857,7,1
358,"Fayre Bromwich","71956 Elmside Pass",658-922-5823,8,1
359,"Marketa Danniell","30227 Mosinee Street",607-202-9890,9,0
360,"Livvie Dran","349 Steensland Street",706-618-0669,0,1
361,"Fawne Schoolcroft","374 Westport Pass",954-248-6893,1,1
362,"Dawna Blenkinsop","77599 Grayhawk Terrace",362-912-1887,2,1
363,"Janela Porson","9 Evergreen Street",629-337-1961,3,0
364,"Bette Pengilly","95273 Schiller Road",605-479-8663,4,0
365,"Porter Fellenor","489 Maryland Terrace",159-833-0723,5,1
366,"Ayn Avrashin","632 Hovde Center",771-300-0874,6,1
367,"Tiff Jouandet","0 Arrowood Circle",692-958-6046,7,0
368,"Meir Manjin","4 Florence Plaza",199-317-3556,8,1
369,"Nedi Manuelli","6 East Circle",881-263-7590,9,0
370,"Nanine Harry","89 Park Meadow Hill",403-158-9164,0,1
371,"Carmine Duddle","228 Luster Crossing",306-194-2374,1,0
372,"Jemmy Nuton","97891 Sullivan Alley",906-581-7405,2,1
373,"Aubrette De Meis","19919 Randy Crossing",751-591-0647,3,0
374,"Raymund Spry","44214 Blackbird Lane",874-778-6737,4,0
375,"Deidre Nuth","9 Golf View Trail",597-405-0753,5,1
376,"Ada Sambals","481 Hovde Hill",871-265-1360,6,1
377,"Ezequiel Cokly","209 Fulton Court",524-893-3305,7,1
378,"Allie Pavett","87 Hermina Street",122-317-5936,8,0
379,"Nancie Thumim","28155 Division Plaza",873-926-3358,9,0
380,"Amalita Rookledge","14756 Loftsgordon Point",187-911-1953,0,1
381,"Stacie Piff","37 Shopko Crossing",296-679-2821,1,1
382,"Callida Bisson","032 Main Trail",910-600-4027,2,1
383,"Jessey Stamp","50747 Arkansas Pass",312-692-5700,3,0
384,"Frederica Llopis","0709 Banding Way",961-840-0045,4,1
385,"Sydney Alexsandrowicz","8624 Milwaukee Plaza",404-803-2940,5,0
386,"Esme Balmadier","239 Harper Center",923-264-3911,6,1
387,"Den Tyrer","810 Manufacturers Center",529-292-3608,7,0
388,"Westleigh Gooly","9169 Shopko Center",408-742-1002,8,1
389,"Yorgo Fligg","793 Londonderry Parkway",513-394-7292,9,1
390,"Dorena Northam","2030 Del Sol Pass",911-316-8666,0,1
391,"Teddi Doelle","930 Butterfield Center",400-432-6718,1,0
392,"Norma Baynom","22849 Elka Crossing",760-979-6529,2,0
393,"Deidre Fowells","70 Sherman Park",716-176-4894,3,1
394,"Gwendolen Thorsen","2 Starling Trail",771-280-6699,4,0
395,"Beltran Deere","32672 Scott Street",780-735-5923,5,0
396,"Bram Fillimore","1549 Luster Place",338-340-1650,6,1
397,"Rube Riddiough","3 Dahle Place",192-539-9600,7,0
398,"Domeniga Amos","7694 Memorial Street",878-533-3816,8,0
399,"Rhianna Atlay","4 Shasta Center",993-461-6373,9,1
400,"Quent Trass","56 Norway Maple Road",723-796-0374,0,0
401,"Molli Island","86565 Pleasure Street",238-508-7910,1,1
402,"Cathleen Dutteridge","274 Scoville Point",389-256-4410,2,1
403,"Padget Basek","44502 Fairfield Trail",655-287-5060,3,0
404,"Latia Taggart","318 Golf View Junction",652-705-4132,4,1
405,"Llewellyn Abazi","84 Eagle Crest Circle",120-312-6102,5,0
406,"Tobit Peplaw","13002 Dexter Pass",363-565-0611,6,1
407,"Scot Claessens","3897 Cody Road",607-566-0356,7,0
408,"Nicoli Bonwick","93758 Tony Alley",646-334-1817,8,1
409,"Dody Winder","75 Carberry Place",929-761-1117,9,1
410,"Alfonse Pharaoh","4 Sheridan Lane",398-341-2219,0,1
411,"Arleen Hosten","010 Rockefeller Point",751-257-5204,1,1
412,"Selene Soeiro","6727 Acker Circle",190-916-5201,2,1
413,"Katie Pie","690 Anderson Plaza",970-325-9734,3,0
414,"Haley Judson","20 Hayes Alley",328-572-7376,4,0
415,"Emmet Scrafton","02 Center Court",847-455-4054,5,0
416,"Elberta Karim","5 Upham Court",278-537-2298,6,1
417,"Willabella Woolland","4640 Mariners Cove Plaza",437-397-3322,7,0
418,"Eduino Doak","9 Texas Point",910-278-3990,8,1
419,"Umberto McMearty","504 7th Center",152-189-3173,9,1
420,"Webb Killich","8 Westerfield Place",210-324-2568,0,1
421,"Rafe Carayol","062 Luster Drive",116-513-2282,1,0
422,"Kearney Rudsdell","2 Almo Avenue",100-633-9786,2,0
423,"Bradley Brookhouse","034 Merrick Street",272-472-8235,3,0
424,"Stafford Riddington","5 Clarendon Plaza",445-813-2830,4,1
425,"Sauveur Pynn","07 Sloan Park",659-956-5240,5,0
426,"Rey Somes","95265 Hanover Plaza",331-543-8706,6,0
427,"Emilia Ivanenko","9129 Wayridge Hill",634-158-9987,7,0
428,"Gwendolen Ordelt","3 Stoughton Court",823-593-3395,8,0
429,"Wilhelmina O'Hara","33 Rusk Parkway",651-642-1899,9,1
430,"Ebony Bozier","7658 Buell Street",518-335-9387,0,1
431,"Dore Chandler","459 Dottie Lane",954-126-6050,1,0
432,"Evania Apdell","9 Butternut Avenue",439-549-5639,2,1
433,"Parke Vellender","7803 Leroy Drive",653-402-7245,3,0
434,"Laurette Lehrmann","90 Stang Court",540-475-1556,4,0
435,"Goldarina Murkus","34193 Bartelt Trail",493-954-3491,5,1
436,"Deeanne Bellows","8089 Derek Center",394-619-8546,6,1
437,"Euphemia Boydon","1 Nova Point",567-197-5121,7,1
438,"Marv Wallace","9 Arrowood Trail",998-257-9833,8,0
439,"Fergus Galland","6 Westend Park",653-257-5402,9,1
440,"Wye Gadsby","4 Spaight Alley",137-941-8669,0,1
441,"Dirk Millmoe","450 Clemons Center",614-685-6716,1,0
442,"Deb Aberhart","56589 Esch Avenue",564-963-0445,2,1
443,"Guthrie Lathom","47 Merchant Trail",209-390-3781,3,0
444,"Tamara Coghlin","1141 Dakota Crossing",803-572-6911,4,1
445,"Arlette Millhouse","0 Northfield Road",468-883-8124,5,0
446,"Meara Claige","663 Manitowish Way",821-812-8100,6,0
447,"Fernanda Crumpe","9271 Bayside Circle",566-749-6408,7,1
448,"Emogene Burnapp","3352 Springs Road",937-185-6574,8,1
449,"Patrice Marcos","471 Beilfuss Road",996-933-3924,9,1
450,"Tobe Hendricks","94 Northland Hill",262-249-2171,0,1
451,"Bekki Bortoloni","6 Merry Street",718-315-5842,1,0
452,"Zora Pelling","3139 Fair Oaks Road",759-948-7839,2,1
453,"Patten Yitzowitz","9552 Kropf Court",467-421-3974,3,0
454,"Camel Joy","23 Roth Street",135-359-9272,4,0
455,"Emilee Ferrai","545 Burning Wood Junction",309-521-7483,5,1
456,"Judas Brookfield","9526 John Wall Lane",950-997-9268,6,0
457,"Melisse Cawthorne","25366 Cottonwood Junction",923-605-7485,7,0
458,"Rhonda Penticost","8 Gerald Alley",420-351-5971,8,0
459,"Patience Jacop","242 Mcbride Trail",208-263-6542,9,0
460,"Aloin Bravey","8 New Castle Crossing",284-261-4860,0,0
461,"Larissa Roo","004 Knutson Hill",237-766-5934,1,1
462,"Kati Creigan","329 Toban Way",622-222-4941,2,1
463,"Trista Rastall","1 Manitowish Court",308-742-4329,3,1
464,"Tabbatha Haddock","9 Portage Alley",887-911-9944,4,0
465,"Starlene Sparrow","48 Bartelt Point",100-478-8905,5,1
466,"Anette Baroc","6492 Northland Park",416-934-8129,6,0
467,"Ruy McGoogan","84 Hintze Court",496-368-7338,7,0
468,"Radcliffe Klas","5 Main Trail",305-390-2423,8,1
469,"Lucia Aliman","2 Kim Road",584-386-4611,9,0
470,"Gloriane Colomb","339 Debra Alley",935-238-8172,0,1
471,"Rivalee Dabnot","420 Tomscot Crossing",157-756-1580,1,1
472,"Matthiew McCahey","32783 Granby Circle",278-137-5570,2,0
473,"Blane Hammatt","3791 Springview Circle",893-333-9407,3,1
474,"Andie Stucksbury","5 Reindahl Trail",426-740-6288,4,0
475,"Joyan Foyle","569 Sycamore Circle",372-348-8649,5,0
476,"Alexis Duthie","57121 Mcguire Park",178-632-9397,6,1
477,"Chastity Dossett","4323 Thierer Hill",766-419-2912,7,0
478,"Rhona Aspell","21749 Reinke Center",325-139-6518,8,0
479,"Jaquelin Fancett","90 Reindahl Junction",192-785-1502,9,1
480,"Rayner Staynes","0166 Bartelt Lane",298-741-6524,0,1
481,"Kev Unger","54618 Scott Street",246-704-3024,1,0
482,"Gustavo Yankov","74 Little Fleur Plaza",603-227-9661,2,1
483,"Tabatha Hitscher","90855 Melvin Street",865-216-6664,3,0
484,"Sunshine Hayford","531 Ohio Circle",290-174-2320,4,1
485,"Pinchas Pauel","19 Mockingbird Place",790-519-9830,5,1
486,"Harrison Chastand","306 Florence Lane",194-316-8201,6,0
487,"Kerby Edbrooke","4 Banding Trail",526-113-6997,7,0
488,"Betsy Radage","6364 Vermont Park",799-271-5784,8,1
489,"Aggi Vasnetsov","139 Kennedy Alley",768-947-1752,9,0
490,"Lian Kestell","4 Loeprich Junction",937-570-8292,0,0
491,"Cassandre Dixsee","43233 Prairieview Plaza",341-620-1128,1,0
492,"Damaris Wabe","763 Pawling Way",284-478-7182,2,1
493,"Cristina Spykins","339 Katie Parkway",214-982-2259,3,1
494,"Tania Hillborne","6558 Everett Hill",491-789-4695,4,1
495,"Elisa McLleese","30 Norway Maple Hill",459-566-5481,5,0
496,"Vivie Rocks","7906 Killdeer Alley",144-438-4267,6,1
497,"Erina Kiefer","0 Lawn Road",331-989-1130,7,0
498,"Francesco McKean","80353 Magdeline Drive",908-558-2401,8,0
499,"Pattie Muro","21 Goodland Avenue",686-379-6599,9,1
500,"Osmund Kitney","67 Artisan Lane",457-825-3722,0,0
501,"Sim Poor","580 Cordelia Plaza",304-309-6928,1,0
502,"Roldan Juhruke","634 Bultman Road",977-990-3198,2,1
503,"Sapphire Wythe","83226 Briar Crest Center",412-466-5717,3,0
504,"Rosemary Pinch","649 North Circle",705-903-5758,4,1
505,"Lorettalorna Wakeling","6 Reindahl Alley",616-938-3965,5,1
506,"Xenos Raubenheimer","71865 Independence Point",355-294-3873,6,0
507,"Andres Geddis","889 Mendota Trail",444-854-6150,7,0
508,"Kania Messer","605 Coolidge Drive",143-913-2783,8,0
509,"Cyndia Motton","12 Autumn Leaf Road",593-397-1737,9,1
510,"Abbott Longstreeth","1923 Leroy Center",497-126-3984,0,0
511,"Bastian Roy","1133 Longview Alley",410-186-0115,1,0
512,"Hillyer Groll","658 Randy Avenue",662-988-0219,2,0
513,"Sheff Feldbau","709 Warner Pass",942-113-8981,3,0
514,"Brigitta Gonsalo","229 Almo Pass",699-911-7645,4,0
515,"Jaymee Cordel","7 Butterfield Lane",433-377-1188,5,0
516,"Robinson Dranfield","05736 Tennyson Center",987-302-4363,6,1
517,"Delano Sambath","3802 Sunfield Plaza",370-690-2183,7,1
518,"Delano Svanini","507 Chive Plaza",445-138-9777,8,1
519,"Anita Hanrott","326 Burrows Plaza",460-302-4960,9,0
520,"Innis Leebetter","975 Sugar Pass",484-608-2800,0,1
521,"Lambert Oehme","82185 Vera Crossing",190-867-0413,1,0
522,"Malinde Yate","36439 Londonderry Park",670-937-6228,2,1
523,"Modesta Rizzardi","0 Northport Drive",769-989-3807,3,0
524,"Joline Wortt","2552 Anhalt Point",156-261-7700,4,0
525,"Janeczka Marusyak","728 Sage Plaza",755-606-1100,5,0
526,"Lek Tow","6039 Del Sol Pass",517-797-3390,6,1
527,"Keely Culham","2 Michigan Trail",544-522-9371,7,1
528,"Estell Jeff","599 Hermina Circle",849-433-9163,8,0
529,"Waldemar Sabin","10204 Laurel Circle",201-203-5499,9,1
530,"Kristofer Dominelli","1021 Golden Leaf Point",919-246-2400,0,1
531,"Jarvis Bizley","10 Nelson Avenue",996-146-0661,1,1
532,"Nadiya Tumielli","25 Holmberg Alley",443-725-3067,2,0
533,"Jesselyn Houdhury","81 Crest Line Park",247-378-5304,3,0
534,"Kellen Skarman","10 East Pass",130-152-0117,4,1
535,"Ringo Arlidge","53 Grim Junction",914-228-0355,5,0
536,"Willie Gascard","32826 Declaration Point",808-634-7073,6,0
537,"Sebastien Nethercott","0701 Barby Crossing",213-163-2106,7,1
538,"Tammy Andrichak","66 Mayer Crossing",600-305-7671,8,0
539,"Lina Northcote","432 Duke Lane",904-848-4480,9,1
540,"Tarrah Gooderridge","87 Westend Hill",153-802-4440,0,0
541,"Christie Going","66873 Swallow Avenue",958-140-0934,1,1
542,"Chelsy Marsland","5 Schlimgen Terrace",101-568-4454,2,0
543,"Codee Sonley","589 Debs Junction",525-723-9420,3,1
544,"Beverlie Staniforth","2 Arrowood Circle",387-621-8368,4,1
545,"Guglielmo Wilman","91791 Clyde Gallagher Place",566-865-9582,5,1
546,"Alonso Dietz","022 Springview Point",613-489-2378,6,1
547,"Scotti Hockell","1 Sachtjen Plaza",122-352-9308,7,1
548,"Yalonda Loveredge","1 Buena Vista Avenue",232-495-4420,8,0
549,"Linn Yewen","89 Laurel Road",691-314-1002,9,0
550,"Diena Yashaev","01609 Hagan Circle",455-611-2893,0,0
551,"Celle Napthine","33102 Portage Parkway",966-528-0990,1,0
552,"Aguste Mattiacci","35 Clove Court",333-695-7123,2,0
553,"Lolita Cuddehay","38666 Magdeline Parkway",407-957-5578,3,0
554,"Corina De Cleen","39 Crowley Place",292-266-1218,4,1
555,"Christean Grube","85 Spenser Pass",840-736-3304,5,0
556,"Abeu Towner","5 Barby Trail",660-999-0743,6,0
557,"Garry L'Archer","943 Summerview Lane",900-713-1437,7,1
558,"Jenna Galpin","91 Westend Parkway",733-517-7013,8,1
559,"Delly Brame","8880 Crescent Oaks Road",809-385-0058,9,1
560,"Gaspard Simionescu","77326 Bartillon Court",684-563-4772,0,0
561,"Tabbatha Giabucci","3757 2nd Lane",271-717-5409,1,0
562,"Amanda Spere","63 Upham Way",886-365-7003,2,1
563,"Hurlee Cadwallader","39986 Ryan Way",406-262-2748,3,1
564,"Drud Noore","04 Tennyson Center",699-726-5918,4,0
565,"Katrine Zimmerman","2522 Londonderry Road",441-232-0107,5,0
566,"Marillin Blackbrough","1 Vermont Center",509-175-9433,6,1
567,"Phaidra Lampart","71 Sutteridge Avenue",156-533-9873,7,0
568,"Marcie Kubal","91570 Reindahl Hill",309-410-5748,8,0
569,"Avrom Housiaux","4 Judy Hill",962-306-6448,9,1
570,"Panchito Peyto","97200 Brickson Park Lane",398-618-1445,0,1
571,"Sutton Puckham","87535 Upham Plaza",754-884-5241,1,1
572,"Theresita Gilhouley","5 Alpine Drive",129-149-9687,2,1
573,"Cilka Dunnan","75 Buell Crossing",921-318-5635,3,1
574,"Hetti Abdon","96 Blackbird Plaza",504-956-5813,4,1
575,"Brinna Greave","43483 Mendota Way",512-267-7578,5,1
576,"Reta Mincher","63 Union Terrace",960-732-9779,6,0
577,"Grace Keighly","687 Scott Hill",676-405-0976,7,1
578,"Michaella Lesurf","8 Carpenter Trail",143-180-2843,8,0
579,"Nicholas Sawforde","86 Cody Junction",199-853-1649,9,1
580,"Sandy Element","73 Chinook Avenue",542-622-1714,0,0
581,"Fifi Gratrix","95 Mariners Cove Trail",995-863-6360,1,0
582,"Trisha Denisovich","0093 Westerfield Junction",318-488-3942,2,0
583,"Lian Manifould","46131 Carey Alley",254-499-6045,3,0
584,"Florence Grene","71 Schiller Park",760-640-3239,4,0
585,"Cornelia Bellie","7 Elmside Hill",986-876-8620,5,0
586,"Jess Sabatini","8 Summerview Street",200-704-6054,6,0
587,"Symon Souster","1 Northland Park",131-381-9605,7,1
588,"Roxane O'Meara","85 Towne Road",692-900-0534,8,1
589,"Brady Sauvain","4 Hayes Terrace",219-656-9637,9,1
590,"Orland Romagnosi","00 Monument Park",269-756-8795,0,1
591,"Yankee Shillitoe","7705 Harbort Parkway",167-964-5675,1,0
592,"Lorri Grigoryev","0822 Ridgeway Street",802-477-4670,2,1
593,"Lonnie Callow","105 Gateway Hill",132-598-3610,3,1
594,"Yolane Sly","95 Schmedeman Terrace",320-689-5619,4,0
595,"Neile Neilan","23629 Schurz Pass",668-591-4553,5,1
596,"Rhett Corney","1 Graceland Alley",305-319-9061,6,1
597,"Adelbert Derisly","75 Nevada Lane",512-762-7497,7,1
598,"Clayborne Gunstone","5684 Commercial Way",171-448-5605,8,0
599,"Olympia Fullager","66467 Corry Plaza",970-527-6052,9,1
600,"Nadeen Peperell","90509 Main Plaza",820-587-2449,0,0
601,"Allistir Stenning","9204 Schurz Plaza",218-828-6735,1,1
602,"Kipp Titman","8 South Hill",899-695-3526,2,0
603,"Rubetta De Minico","96 Longview Terrace",899-606-3966,3,0
604,"Tammy Billings","7 Grim Alley",738-391-2144,4,1
605,"Ange Redihalgh","82832 Russell Pass",189-917-1060,5,0
606,"Robby Franzotto","5012 Lien Street",802-313-3115,6,0
607,"Wood Innis","95775 Melrose Place",943-486-2880,7,1
608,"Guinna Rowthorne","7477 Manitowish Terrace",572-747-0586,8,1
609,"Ashely Owttrim","65617 Waxwing Plaza",760-366-3026,9,1
610,"Ranna Elliot","79 Maple Wood Court",843-976-5764,0,0
611,"Garfield de Nore","77 Ilene Crossing",771-394-2288,1,0
612,"Cathee Foulcher","8 Butterfield Alley",828-905-6041,2,0
613,"Jobina Andrini","5014 Aberg Way",779-220-9033,3,1
614,"Mariquilla Yeudall","3 Ruskin Lane",105-524-2242,4,1
615,"Brook Fippe","977 Sullivan Plaza",304-220-7430,5,1
616,"Iormina Zellick","4 Autumn Leaf Circle",163-504-2715,6,0
617,"Glori Ilyuchyov","8880 Morrow Alley",373-769-5589,7,1
618,"Cloris Coldbreath","72099 Namekagon Avenue",223-579-0872,8,1
619,"Berty Cookney","57241 Onsgard Road",288-583-6859,9,1
620,"Jasun Millwater","7930 Esker Plaza",712-221-4273,0,0
621,"Chip Fraschetti","311 Texas Junction",931-223-5951,1,0
622,"Westbrook Stallon","59 Claremont Court",914-956-6159,2,1
623,"Kylie Gass","823 Sunbrook Court",824-723-4372,3,1
624,"Ricca Kemet","13 Elmside Plaza",462-429-0930,4,1
625,"Remy Elegood","633 Stephen Street",539-149-0818,5,0
626,"Aloysius Bavage","34 Sutherland Lane",258-841-8397,6,0
627,"Minette Argabrite","7 Dahle Avenue",940-958-7878,7,1
628,"Giffie Teall","2 Memorial Road",743-711-1911,8,1
629,"Cyrill Elliff","496 Wayridge Junction",899-677-1530,9,0
630,"Kara Forestel","1 Hauk Way",916-748-0379,0,1
631,"Willyt Bussel","05241 Oxford Crossing",692-911-2038,1,0
632,"Oralee Halfhyde","1520 Burning Wood Junction",108-400-9861,2,1
633,"Olivie Adelsberg","56 Acker Alley",948-850-1739,3,1
634,"Wilhelmina Dryburgh","92 Haas Hill",620-458-8321,4,0
635,"Ag Orriss","39 Holy Cross Trail",935-644-5666,5,1
636,"Clare Klimecki","04 Sachtjen Way",249-142-5249,6,1
637,"Lotte Fulle","250 Sutteridge Avenue",832-636-5689,7,0
638,"Adi Kunzel","42 Hansons Road",296-237-3110,8,0
639,"Ginnifer Trace","2825 Hanson Court",731-272-5351,9,1
640,"Erinna Atwater","1 Scofield Point",679-324-8427,0,0
641,"Halimeda Gale","49 Gateway Alley",814-399-9832,1,1
642,"Constance Bedson","4 Marquette Junction",763-279-1288,2,0
643,"Daveen Gwinnel","585 Caliangt Junction",179-438-8991,3,0
644,"Melvin Wims","249 Alpine Park",407-605-3000,4,0
645,"Janeczka Lydall","1799 Beilfuss Way",606-724-4195,5,0
646,"Catriona Shimwell","2 Tennessee Parkway",565-568-4414,6,0
647,"Vladamir Gerrens","3128 West Way",833-543-7739,7,0
648,"Leo Starcks","0849 Garrison Avenue",296-985-9206,8,0
649,"Ulrich Missenden","56 Everett Crossing",928-911-4684,9,1
650,"Drusilla Lacotte","3 Mandrake Trail",834-738-8167,0,1
651,"Janice Housam","02 Ridgeview Street",219-151-8981,1,0
652,"Christiano Raff","93796 Tomscot Place",567-527-5982,2,1
653,"Lorry Canto","501 Weeping Birch Plaza",303-881-7260,3,1
654,"Holt Weal","46189 Hauk Crossing",830-836-8635,4,1
655,"Cinda McCloch","35772 Coleman Park",629-866-4491,5,1
656,"Cammi Arens","7 Monica Point",634-479-0228,6,0
657,"Randee Margett","5 Rusk Avenue",584-588-9578,7,0
658,"Janela Oglesbee","08415 Schiller Avenue",555-940-2019,8,1
659,"Loren Redolfi","79 Killdeer Avenue",559-977-8387,9,1
660,"Yoshi Gulley","6060 Corben Parkway",212-386-8350,0,1
661,"Svend Giacobini","92 Marcy Road",599-243-6025,1,0
662,"Danita Bossons","70793 Dayton Lane",871-718-1994,2,0
663,"Harv Allcott","3 Towne Junction",214-421-6793,3,0
664,"Claybourne McIlrath","8649 Loomis Street",758-592-0534,4,1
665,"Peggie Knightly","8 Green Lane",602-483-7165,5,1
666,"Aldric Pattlel","866 Memorial Crossing",276-893-3941,6,1
667,"Karilynn Sedgeworth","1811 Daystar Center",845-635-2757,7,1
668,"Cherise Piken","2 Miller Parkway",571-162-3827,8,0
669,"Prentiss Jeppensen","8439 Cascade Way",913-453-9555,9,1
670,"Mariellen Stode","58655 Browning Alley",800-475-5229,0,0
671,"Salomi Brotherhood","6361 Oak Valley Crossing",495-539-8968,1,1
672,"Kim Lamey","42 Bonner Lane",359-227-0638,2,0
673,"Buddie Cleverley","82 Hagan Drive",609-162-8567,3,1
674,"Zulema Newlands","7 Hollow Ridge Pass",636-244-5955,4,0
675,"Bruce Spicer","7042 Oriole Hill",953-112-9935,5,0
676,"Michelle Jeanet","74 Westport Circle",764-352-4564,6,1
677,"Lucy Breitler","5 Bonner Drive",782-321-1539,7,0
678,"Tamiko Flatt","1 Merrick Alley",562-549-5448,8,1
679,"Dallas Soanes","7628 Iowa Road",279-871-8001,9,1
680,"Glynda Mellhuish","66 Pleasure Hill",730-374-4399,0,1
681,"Dianne Beagles","85 Maple Wood Point",311-477-3489,1,0
682,"Cordy Larner","51784 Darwin Point",719-221-7971,2,1
683,"Nerissa Sumpner","54784 Elka Center",130-373-7465,3,0
684,"Dodie Cottrill","19 Lake View Drive",670-359-8266,4,0
685,"Vin Dwerryhouse","680 Mariners Cove Point",447-211-1452,5,0
686,"Chauncey Udey","10689 Doe Crossing Pass",693-305-1184,6,0
687,"Van Bearcroft","80 North Hill",401-446-8179,7,1
688,"Carmina Decourt","983 Lyons Plaza",860-733-1757,8,1
689,"Hetty Kerswill","790 Loomis Road",749-661-0238,9,1
690,"Eunice Clymer","47 Sutteridge Terrace",753-227-3473,0,0
691,"Darla Penson","01 Novick Terrace",720-689-2109,1,1
692,"Yevette Gosnall","0 North Avenue",732-428-3574,2,0
693,"Angelika Scotchmoor","7 Sachtjen Drive",263-116-4871,3,1
694,"Giacopo O' Markey","96 Reinke Place",822-969-2277,4,0
695,"Timi Coie","6563 Corry Point",291-790-9199,5,1
696,"Vincent Kezor","5 Jenifer Center",747-947-7058,6,1
697,"Fina Aupol","85 Pepper Wood Plaza",264-712-9812,7,0
698,"Melli Crank","31798 Scott Road",671-300-2861,8,1
699,"Marthena Keneleyside","7445 Jenna Circle",943-261-3019,9,1
700,"Arden Gull","6507 Steensland Place",268-443-5175,0,1
701,"Fayina Jendrich","599 Hanover Plaza",199-175-1901,1,0
702,"Christoph Georgius","196 Roxbury Trail",600-655-2450,2,0
703,"Sylas Byram","594 Armistice Center",303-547-5217,3,1
704,"Codie Cromley","22 Manitowish Hill",125-710-8866,4,0
705,"Mallory Primarolo","29 Bashford Hill",229-274-3697,5,0
706,"Benita McAlinion","57236 Oak Terrace",111-678-5721,6,0
707,"Jesselyn Cassar","3 Miller Alley",713-953-6358,7,1
708,"Freedman Abramowitch","92008 Debra Court",552-534-1956,8,1
709,"Perle Lark","13 Logan Crossing",975-372-8231,9,1
710,"Theodore Meldrum","98 Ryan Court",900-598-6254,0,0
711,"Tybalt Poser","02791 Corben Point",183-526-7047,1,0
712,"Kare Mirfield","37 Northview Pass",283-193-2444,2,1
713,"Pernell Stoter","491 5th Road",725-842-0923,3,1
714,"Janetta Whitlam","45 Lake View Plaza",841-603-4020,4,1
715,"Rosanne Klouz","1031 Oakridge Alley",562-992-0009,5,1
716,"Georgie Adney","06177 Columbus Pass",375-830-1691,6,0
717,"Vince Swithenby","71603 Shasta Place",612-467-3577,7,1
718,"Martica Arnaudon","13494 Bartelt Point",404-825-6043,8,1
719,"Mattie Chanter","3 Evergreen Lane",396-789-6683,9,0
720,"Benedetto Pascall","8860 Golf View Terrace",848-752-0240,0,0
721,"Lilllie Tweedy","2 Transport Way",785-856-2481,1,1
722,"Graig McCaughey","903 Bowman Street",915-505-0557,2,1
723,"Gav Poundford","5679 Superior Place",687-352-0588,3,1
724,"Hyacintha Hucquart","5 Crowley Street",483-226-5240,4,1
725,"Marylee Aggas","7178 Ilene Junction",543-816-1946,5,1
726,"Perla Di Biagio","186 Dapin Way",944-188-0977,6,1
727,"Reine Succamore","3 Kennedy Lane",380-203-3894,7,0
728,"Heriberto Tosh","48595 Lyons Alley",701-822-5571,8,0
729,"Cesaro Fodden","97207 Green Point",501-254-7225,9,0
730,"Deloria Wickenden","18279 Monterey Road",674-415-8373,0,1
731,"Hilde Audibert","920 Dexter Circle",281-522-5220,1,0
732,"Lazar Letham","30827 Barby Terrace",295-193-2710,2,0
733,"Magdaia Cassy","9 Shasta Plaza",788-136-5527,3,1
734,"Wye Vinnicombe","262 Melvin Point",452-325-7501,4,0
735,"Nikolos Wyer","93323 Hooker Junction",951-735-1072,5,1
736,"Nevins Creffeild","05 Express Trail",591-904-9791,6,0
737,"Gregoire Ramelot","7 Forster Crossing",693-443-3471,7,1
738,"Hewet Dodsworth","89904 Anzinger Junction",339-392-1575,8,0
739,"Alanah Hayle","4592 Coleman Plaza",586-350-5961,9,0
740,"Allix Lashmar","2076 Meadow Ridge Road",456-337-8907,0,1
741,"Edsel Shuter","660 Fairview Plaza",685-305-5998,1,1
742,"Jeddy Hovie","61 Commercial Point",165-882-0328,2,0
743,"Antonino Nickoll","575 Ridge Oak Plaza",330-953-1989,3,0
744,"Park Dutt","6885 Miller Circle",351-380-3382,4,0
745,"Jacquenetta Siley","2 Chive Alley",309-105-7211,5,0
746,"Morganne McRobbie","142 Hintze Parkway",826-503-2287,6,0
747,"Cort Fardy","7 Portage Road",244-558-8088,7,0
748,"Kelsey Aggis","5 Rutledge Drive",338-282-0655,8,0
749,"Anson Kennaird","176 Clyde Gallagher Court",846-986-6076,9,0
750,"Chrissie Lobb","2 Sage Center",219-688-0669,0,1
751,"Brandyn Highnam","0864 Hagan Terrace",813-762-6259,1,0
752,"Jessey Harridge","7145 Dryden Crossing",524-899-7984,2,1
753,"Claresta Lander","731 Northfield Drive",290-815-6419,3,1
754,"Bent Halesworth","88 Redwing Park",677-289-5216,4,0
755,"Dominik Jersch","05 Logan Point",988-193-7626,5,1
756,"Sandie Heinlein","34801 6th Point",682-251-3509,6,1
757,"Dorothee Hurdle","6776 Milwaukee Plaza",441-257-5302,7,1
758,"Fraser Condit","7 Eggendart Hill",337-588-5604,8,1
759,"Cindee Pentony","0 Green Ridge Terrace",375-747-8492,9,0
760,"Moira Brandom","3 Emmet Place",846-431-0842,0,1
761,"Wright Vaughan-Hughes","3 Esch Hill",917-837-2629,1,0
762,"Perl Smallsman","5 Gerald Plaza",733-533-7769,2,0
763,"Louisette McKoy","20174 Melrose Park",519-399-6018,3,0
764,"Ursala Bangs","27 6th Street",903-554-8919,4,1
765,"Germayne Spatari","6 Nelson Trail",502-889-6576,5,0
766,"Alfie Hastings","592 Graceland Point",925-907-1257,6,0
767,"Reilly Aburrow","79877 Sachtjen Parkway",725-674-5481,7,0
768,"Packston Henricsson","052 Meadow Ridge Hill",608-371-1779,8,0
769,"Victoir Matuszak","4752 Maple Drive",530-183-8191,9,0
770,"Daria Rushmere","6282 Calypso Way",699-779-5417,0,1
771,"Jamey Feldstein","2 Cordelia Pass",843-204-0737,1,1
772,"Jim Bonnette","2 Corry Point",547-582-2345,2,1
773,"Creigh Conrath","5 Blackbird Court",773-226-9326,3,0
774,"Georgi Alloisi","0632 Stoughton Junction",728-841-0798,4,1
775,"Roldan Grolle","08129 School Terrace",933-490-7568,5,0
776,"Terrie Roskelly","9317 Cordelia Place",365-896-7150,6,0
777,"Ariel Jerzyk","9 Grayhawk Pass",960-213-1008,7,0
778,"Fredericka Mordaunt","968 Reindahl Pass",956-427-1006,8,1
779,"Jarred Conisbee","275 Lien Road",328-633-3718,9,1
780,"Natividad Charville","2792 Sauthoff Crossing",276-481-9235,0,1
781,"Sandye Steel","0 Erie Park",364-910-2834,1,0
782,"Skippie Eliaz","47829 Spenser Circle",174-590-3616,2,0
783,"Bart Kringe","58 Rieder Road",302-229-2516,3,1
784,"Inglebert Abbots","6203 Steensland Junction",134-440-0103,4,1
785,"Dania Colafate","3 Pepper Wood Plaza",802-293-7848,5,1
786,"Tamiko Alvarez","1 Sauthoff Alley",686-980-0708,6,0
787,"Rhys Thoumas","00850 Vermont Point",840-908-7345,7,1
788,"Ernestine Iorizzi","3567 Amoth Plaza",783-861-0148,8,1
789,"Regine Rohlfing","7283 Superior Avenue",807-899-5491,9,0
790,"Rosene Auckland","6 Dahle Pass",153-203-4441,0,1
791,"Laurie Arent","51 Lyons Junction",385-177-7562,1,0
792,"Melonie Bertot","59701 Grover Street",568-486-3298,2,1
793,"Lowrance Turnock","4568 Fordem Point",490-225-8606,3,0
794,"Michelle Trowle","583 Bonner Hill",550-603-7734,4,0
795,"Garret Cockerell","51234 La Follette Crossing",825-544-4205,5,1
796,"Fields Vlasenko","810 Dahle Court",101-226-9661,6,0
797,"Mirabelle Leap","549 Forest Lane",292-157-6877,7,0
798,"Brittni Tellett","98076 Stone Corner Place",259-115-1781,8,0
799,"Asa Toomey","0 Arapahoe Alley",807-944-2166,9,0
800,"Cloris Offer","235 Loftsgordon Terrace",984-662-1807,0,1
801,"Cal Sego","13 Butternut Plaza",650-345-7829,1,0
802,"Matt Thoms","9 Mitchell Alley",619-387-6340,2,1
803,"Antonin Gligori","2 Gateway Road",601-415-0325,3,1
804,"Robinet Abrahim","39610 Fuller Parkway",873-565-8362,4,0
805,"Fay Tremblett","2251 Jenna Way",978-194-1411,5,1
806,"Glory Kiraly","39429 Meadow Ridge Crossing",144-484-7591,6,0
807,"Brendis Merrick","67671 Delaware Lane",989-142-5109,7,1
808,"Corrinne Hansley","77 Crowley Pass",826-342-9129,8,1
809,"Nonna Duberry","7314 Helena Crossing",353-876-4085,9,1
810,"Janela Mulderrig","760 Kingsford Lane",144-707-8725,0,1
811,"Erskine Ivanishin","14 Forest Park",839-321-3302,1,0
812,"Bartholomeus Bicker","84 Carioca Trail",124-438-8851,2,0
813,"Ashly Dougan","125 Maywood Pass",948-204-1658,3,0
814,"Dorolisa Grimes","2594 Onsgard Circle",547-114-2573,4,1
815,"Lari Barajas","844 Pearson Court",664-228-6215,5,0
816,"Rooney Lummis","7343 Riverside Terrace",229-248-2879,6,0
817,"Hernando Jilkes","4 Waubesa Junction",281-884-2616,7,0
818,"Ginnie Austick","49827 Haas Junction",224-957-2335,8,0
819,"Judas Laba","83 Village Green Street",863-773-2263,9,1
820,"Jonah Eam","5080 Brown Circle",914-745-5423,0,1
821,"Lorelei Darrigoe","362 Northfield Place",863-478-6100,1,0
822,"Antonietta Setter","72510 Sugar Alley",998-362-0049,2,0
823,"Millisent Drews","45628 Hallows Pass",812-340-7626,3,0
824,"Eda Hamp","57 American Hill",665-775-3075,4,0
825,"Sloan Mepham","9293 Rigney Crossing",824-889-3136,5,0
826,"Early Erbain","27 Bartelt Parkway",340-466-7529,6,1
827,"Florie Wyllcocks","9687 Sunnyside Avenue",875-173-2940,7,1
828,"Sherie Witty","8579 Mccormick Terrace",767-441-1947,8,0
829,"Biron Prott","9 Evergreen Pass",281-301-7599,9,0
830,"Ashleigh Quartley","6514 West Point",138-717-3390,0,0
831,"Ricardo Abbotson","3038 Talisman Circle",622-282-7825,1,1
832,"Elton Buttrum","048 Kenwood Court",832-963-6819,2,1
833,"Phebe Chastand","319 Mitchell Plaza",742-744-5714,3,1
834,"Lib Mablestone","83036 Blaine Avenue",630-169-5925,4,1
835,"Martainn Paynter","4035 Summit Parkway",618-251-2971,5,1
836,"Shae Rowlson","405 Surrey Parkway",948-935-0398,6,0
837,"Heida Staniland","63 Milwaukee Trail",758-671-4804,7,0
838,"Dona Trowsdall","920 Buena Vista Street",997-434-6431,8,1
839,"Mauricio Standish","88698 Badeau Parkway",828-589-1708,9,0
840,"Edi Vanyushin","89 Lake View Point",475-470-5469,0,0
841,"Simone Stroder","29375 Melby Drive",770-898-7436,1,0
842,"Newton Cranna","9555 Summer Ridge Parkway",567-799-2249,2,0
843,"Adams Rivelon","38 La Follette Avenue",303-614-6665,3,1
844,"Marlow Kleen","4904 Golf Course Lane",622-249-6351,4,1
845,"Demetra Mart","60 Michigan Alley",280-911-7638,5,1
846,"Uri Aubin","45 Quincy Circle",306-242-4972,6,0
847,"Cosimo Parramore","0857 Emmet Court",228-413-9188,7,0
848,"Janenna Lujan","726 Claremont Place",512-658-7397,8,0
849,"Tova Odom","298 Sauthoff Park",507-277-0132,9,0
850,"Norina Merman","406 Sunfield Center",362-678-2764,0,1
851,"Lewes Bestar","2930 Stone Corner Road",804-919-6882,1,1
852,"Torrance Haldon","2937 Hudson Street",816-686-6341,2,1
853,"Rand Stowte","37 Goodland Pass",474-412-3235,3,0
854,"Kacey Gillan","1 Killdeer Terrace",279-406-6295,4,1
855,"Felisha Haverty","45 Scott Place",868-834-3718,5,0
856,"Adrien Schubert","305 Sachtjen Pass",303-383-0733,6,0
857,"Arley Cabrer","9560 Merry Terrace",598-804-0609,7,1
858,"Grier Bateup","134 Melody Circle",260-869-6979,8,0
859,"Randa Eouzan","469 Tennyson Park",139-437-3100,9,0
860,"Claudian Renvoys","538 Butternut Drive",143-893-1660,0,1
861,"Dyane Bointon","1 Clove Place",675-519-8673,1,1
862,"Guglielmo Andreini","50597 Logan Road",957-681-9067,2,0
863,"Lorenzo Aynscombe","58 Artisan Parkway",163-806-5185,3,0
864,"Michell Sapwell","6 Hintze Terrace",938-171-1522,4,1
865,"Jarrad Grannell","658 North Court",699-828-4336,5,1
866,"Leland Apfelmann","0 Granby Hill",251-339-7669,6,0
867,"Isador Gresser","77833 Oakridge Terrace",471-706-4608,7,1
868,"Raddie Lindop","8 Oak Point",140-388-8273,8,1
869,"Rikki Brugman","0 Pearson Circle",974-503-9275,9,1
870,"Leonie Checcucci","1 Hooker Place",230-598-0636,0,1
871,"Tiffany Burbank","83460 Pond Hill",538-751-9109,1,0
872,"Hazel Brixey","224 Superior Point",871-921-8407,2,0
873,"Catlee L'Archer","34 David Circle",389-242-2248,3,1
874,"Ardith Lobbe","5 Esch Place",322-962-9411,4,1
875,"Bertine Doonican","333 Trailsway Alley",801-641-0606,5,1
876,"Julina Pioli","054 Bunker Hill Avenue",305-439-5118,6,0
877,"Matti Fidgett","67078 Glendale Drive",992-306-5895,7,0
878,"Lindi Petrasso","8844 Park Meadow Court",177-249-5351,8,1
879,"Stephan D'Errico","4 Crest Line Trail",860-330-4484,9,0
880,"Tybalt Basnall","8148 Mifflin Terrace",474-677-4846,0,0
881,"Federica Bryson","6163 American Park",874-307-3163,1,1
882,"Crissy Andell","24 Harbort Lane",120-624-5819,2,1
883,"Thorndike Lowing","0 Buell Crossing",194-767-1409,3,1
884,"Winnifred Frunks","7 Pierstorff Pass",817-541-9814,4,1
885,"Starlin Kingcott","6 Duke Court",861-907-6712,5,1
886,"Barrie McCloch","47 Towne Circle",463-148-0785,6,0
887,"Gianina Odom","64 Express Street",346-604-5232,7,0
888,"Wyatan Meachan","0984 Rockefeller Alley",949-140-1159,8,0
889,"Claudianus McKomb","3661 Hollow Ridge Circle",584-997-0157,9,1
890,"Brander Stainland","087 Anderson Center",976-834-0715,0,0
891,"Randee Godbert","3892 Loomis Hill",110-980-8775,1,0
892,"Lin Leavesley","3477 Crescent Oaks Crossing",468-977-1280,2,1
893,"Cherye Meadmore","86548 Miller Street",304-427-9497,3,1
894,"Nanci Foale","3 Hoffman Circle",273-600-5424,4,0
895,"Hervey Aveyard","025 Elka Road",407-660-1185,5,1
896,"Jareb Bezants","93457 Springs Plaza",774-279-8280,6,0
897,"Fielding Rosborough","850 Talmadge Hill",535-716-6668,7,1
898,"Sampson Bostick","662 Northport Terrace",406-517-6855,8,0
899,"Helenelizabeth Rilings","007 Mcbride Pass",317-694-6850,9,0
900,"Corina Dayton","5 Eastwood Point",888-275-3468,0,1
901,"Rufe Dockray","43 Elmside Court",389-302-9864,1,1
902,"Lorette Rosengart","46 Kipling Park",183-683-0473,2,0
903,"Faina Cheley","57 Chinook Center",434-959-6021,3,0
904,"Livy Brash","8 Grasskamp Road",237-569-2377,4,0
905,"Rodie Sloey","967 Dayton Park",514-732-8204,5,1
906,"Erin Neiland","573 Sauthoff Plaza",808-820-3266,6,1
907,"Willi Hornung","51744 Kropf Trail",412-945-6988,7,1
908,"Martainn Dunbobbin","134 Sutteridge Alley",465-749-2975,8,1
909,"Laughton Glusby","0394 Main Road",863-401-0487,9,1
910,"Jacques Chadderton","6 Spohn Way",749-500-1425,0,1
911,"Erny Jago","4186 Farwell Road",859-237-7921,1,0
912,"Wendie Pringle","967 Spenser Court",295-105-8296,2,0
913,"Ainslie Seeking","57 Nelson Street",129-948-9357,3,0
914,"Mattie Farady","0962 Shoshone Place",419-337-6216,4,0
915,"Avivah Plampin","4 Waubesa Terrace",775-972-2577,5,1
916,"Stesha Di Carli","0 Elgar Junction",281-211-6093,6,1
917,"Antonetta Gallop","009 Troy Center",209-415-7591,7,1
918,"Nels Kenna","9288 Crest Line Road",262-333-7730,8,0
919,"Yurik Ainslee","4 Algoma Road",981-519-2642,9,0
920,"Hashim Stoeckle","93640 Anhalt Pass",377-714-7687,0,1
921,"Samuele Rivallant","13 Crownhardt Park",548-933-0564,1,1
922,"Belvia Hesse","9157 Heffernan Junction",945-526-2430,2,0
923,"Meredith Fricke","72714 Mitchell Crossing",713-400-9289,3,0
924,"Lisle Ahrendsen","74 Vermont Crossing",688-316-4929,4,1
925,"Andreana Kiraly","663 Cardinal Plaza",725-443-2312,5,0
926,"Gael Follen","46 Del Mar Terrace",649-449-7379,6,0
927,"Wilhelmina Pittman","728 Mcbride Street",860-479-3689,7,0
928,"Johnathan Varnham","2 Burrows Trail",843-872-1106,8,0
929,"Karlens McQuie","44779 Express Parkway",719-130-4425,9,0
930,"Giorgi Fulks","367 South Terrace",542-357-6953,0,1
931,"Tami Code","500 Coleman Hill",305-568-0674,1,0
932,"Niall Carletto","22 Del Mar Terrace",524-857-4591,2,0
933,"Rachael Fortoun","9171 Kenwood Hill",931-212-6630,3,0
934,"Westley Siehard","56 Blackbird Park",674-397-6647,4,1
935,"Violante Spowart","1 1st Circle",377-416-8896,5,1
936,"Elaina Strang","003 Continental Way",818-592-2076,6,0
937,"Gloria Werndly","0 Laurel Road",790-321-9973,7,0
938,"Dee dee Anfosso","75 Walton Way",773-675-8616,8,1
939,"Alvira Gothup","3 Gateway Lane",191-444-0591,9,1
940,"Rob Medcalfe","615 Fisk Trail",339-441-0370,0,0
941,"Melba Boulter","62550 Buena Vista Way",866-168-3616,1,0
942,"Janet Compston","7 Kinsman Pass",902-803-0822,2,0
943,"Ardyce Pettis","03 Anderson Circle",119-498-3470,3,1
944,"Papagena Shercliff","069 Westridge Crossing",282-680-2471,4,0
945,"Ashlee Cisco","267 Dixon Lane",296-333-8216,5,1
946,"Robinia Cathery","52041 Oxford Court",568-809-3765,6,1
947,"Hussein Matthews","830 Portage Trail",730-721-4262,7,1
948,"Marmaduke Panner","59903 Everett Trail",104-237-8097,8,0
949,"Natty Krale","6 Pleasure Avenue",931-871-3080,9,0
950,"Frederich Ruggles","6 Upham Way",320-762-7026,0,1
951,"Frankie Mallall","7114 Crowley Place",688-720-8131,1,0
952,"Laurene Seabon","4599 Southridge Way",201-774-8202,2,1
953,"Sophey Hennington","4247 Toban Trail",950-763-7458,3,1
954,"Lona Ivakhin","7966 Clyde Gallagher Alley",689-203-8351,4,1
955,"Adham Hitter","9 Mayfield Terrace",259-887-9204,5,1
956,"Titus Colliver","66472 Blackbird Terrace",925-900-1759,6,0
957,"Ulrikaumeko Robken","8534 Lawn Court",694-886-0577,7,0
958,"Joyce Flips","6610 Lakewood Gardens Parkway",740-289-6152,8,0
959,"Marketa McVie","2597 Commercial Street",279-440-2425,9,0
960,"Mersey Scholig","03 Barby Plaza",448-444-7683,0,1
961,"Karrah McNevin","94000 Sundown Crossing",998-942-2394,1,1
962,"Maddie Ondrak","68 Butternut Place",669-780-8302,2,1
963,"Brooks Peirson","4528 Tomscot Alley",135-216-7870,3,0
964,"Mario Brimmicombe","7 Arizona Terrace",186-822-5555,4,0
965,"Izzy Mayow","888 Kim Point",697-684-3340,5,0
966,"Savina Chaffyn","8368 Montana Crossing",757-662-1858,6,0
967,"Charline Banham","666 Donald Place",901-795-2193,7,0
968,"Otho Varty","1391 Northfield Point",582-198-7501,8,1
969,"Garrek Loosmore","37535 Vera Way",256-100-1267,9,0
970,"Dulsea Marie","90388 Lake View Way",164-624-4013,0,1
971,"Roslyn Fellgatt","13725 Elmside Parkway",672-555-4598,1,1
972,"Guillaume Mizen","14032 Valley Edge Street",817-934-6392,2,0
973,"Sib Theodore","9391 Karstens Place",726-754-0095,3,0
974,"Trula Vials","1 High Crossing Court",158-862-8454,4,0
975,"Harry Feeny","4427 Commercial Terrace",541-517-3682,5,0
976,"Erica Scopyn","6 Melrose Parkway",760-282-9282,6,0
977,"Melamie Dabernott","79501 Mosinee Avenue",819-424-6625,7,0
978,"Liz Roe","777 Hooker Parkway",635-602-5414,8,0
979,"Janela Mustard","0210 Jay Plaza",658-248-2118,9,0
980,"Douglas Dollman","47 Summer Ridge Point",965-665-5619,0,1
981,"Earvin Ganford","6070 North Drive",235-543-2529,1,0
982,"Archambault Peckham","1 Lakewood Plaza",958-475-8229,2,0
983,"Duncan Lovell","4743 Kinsman Junction",635-178-3411,3,0
984,"Drusilla Oddboy","2561 Vernon Terrace",641-113-4796,4,0
985,"Louisa Gossop","6 Carberry Lane",792-270-6164,5,1
986,"Sigismondo MacCosto","39751 Lawn Junction",642-892-8854,6,1
987,"Babbette Breffitt","88 Leroy Court",658-479-5118,7,1
988,"Fair Warlow","79 Hallows Road",956-259-3196,8,0
989,"Amelina Snazle","217 Leroy Point",120-172-2859,9,0
990,"Angy Muzzlewhite","3700 Linden Way",537-826-7735,0,1
991,"Deloria Redgrave","2 Waxwing Avenue",795-700-3962,1,1
992,"Biddie Pearle","3863 Weeping Birch Alley",981-868-1479,2,1
993,"Ermanno Gibbins","63673 Pennsylvania Parkway",396-825-3187,3,0
994,"Shalna Desport","4 Comanche Pass",627-222-7730,4,1
995,"Beryl Gumn","15208 Ohio Place",173-538-6479,5,0
996,"Huberto Poate","2 Scoville Lane",828-628-6706,6,0
997,"Carlina Dulen","2 Forest Run Center",780-675-7830,7,0
998,"Verney Eccles","9061 Main Point",835-462-8763,8,1
999,"Maggie Simonian","153 Barby Crossing",853-460-0411,9,0
1000,"Ignatius Odell","20270 Lukken Park",890-789-0433,0,0
